{
  "date_today": "2026-04-14",
  "last_close": 1482.1800537109375,
  "D+1_forecast": 1385.6675938154979,
  "direction": "하락",
  "change_pct": -6.51152062489312,
  "models": {
    "LSTM": 1413.4302978515625,
    "CNN": 1380.6280517578125,
    "LGB": 1362.9444318371184,
    "Ensemble": 1385.6675938154979
  }
}