,RMSE,MAE,MAPE(%),DA(%),Sharpe
LSTM,9.191055391801012,6.705701335620983,0.4765989098077034,47.107438016528924,1.507507415166934
BiGRU,9.104253096505593,6.635508696545834,0.47168318408987825,47.107438016528924,1.487472005843641
Transformer,13.08276799139215,10.775084416617041,0.765708567640522,47.93388429752066,1.5493786101113294
WaveNet,20.65920260734861,16.815436020299376,1.1868463169347072,48.760330578512395,1.5269164620221443
CNN_LSTM,37.535426423151094,34.56019286790717,2.4665700959055545,50.413223140495866,1.626104606235685
LGB,8.37692392000262,6.208270562580054,0.4435198249673814,51.65562913907284,0.7333945908745748
★Hybrid_Ensemble,10.211192667232948,7.5161106725940785,0.533806659024341,44.62809917355372,1.455110461267771
