,RMSE,MAE,MAPE(%),DA(%),Sharpe
LSTM,34.19559545440536,30.508384399414062,2.141138522328168,44.221105527638194,0.6883809696343376
CNN_BiLSTM,65.10193710769681,57.264921264648436,4.011697968495442,54.773869346733676,-1.1281717138912952
WaveNet,27.303888613833163,23.40932861328125,1.6415715566587343,48.24120603015075,-0.034445172317794544
Transformer,38.25120981101246,34.6329541015625,2.4376903679966304,46.231155778894475,-0.707210238241305
LGB,26.15397181641017,19.1449091999549,1.336801450663735,53.66795366795367,-0.14140703381981135
XGB,32.14282537469068,24.311039381760818,1.7005615163310757,55.5984555984556,-0.1366777814209271
CAT,40.75315934325071,31.552047967241755,2.205052943074206,50.19305019305019,-0.209445847211976
Ensemble,14.878627644507883,12.0681900159262,0.8539622647509151,53.768844221105525,0.37460797218516734
