,RMSE,MAE,MAPE(%),DA(%),Sharpe
LSTM,23.817233126545936,19.85802894950713,1.4132007086983442,42.567567567567565,-0.025966265141094878
CNN,163.71465775314235,158.79691104760906,11.24438468900339,50.0,-0.46543347004959557
LGB,41.42876768928102,31.148417259989863,2.1746888537216122,53.37078651685393,-0.42483422107363017
Ensemble,23.90711568005975,21.469989795899547,1.5293097656253514,48.64864864864865,0.1790053928222196
